TimeCreated,EventID,Account_Name,IpAddress
2025-07-13T10:00:00,4625,Administrator,203.0.113.8
2025-07-13T10:01:00,4625,Guest,192.168.100.11
2025-07-13T10:02:00,4624,JaiveT,192.168.100.11
2025-07-13T10:03:00,4625,JaiveT,203.0.113.8
2025-07-13T10:04:00,4625,JaiveT,203.0.113.8
2025-07-13T10:05:00,4625,JaiveT,10.1.1.5
2025-07-13T10:06:00,4625,Guest,192.168.100.11
2025-07-13T10:07:00,4625,JaiveT,192.168.100.11
2025-07-13T10:08:00,4624,Guest,192.168.100.11
2025-07-13T10:09:00,4625,SysAdmin,203.0.113.8
2025-07-13T10:10:00,4625,SysAdmin,203.0.113.8
2025-07-13T10:11:00,4624,SysAdmin,192.168.100.11
2025-07-13T10:12:00,4625,Administrator,10.1.1.5
2025-07-13T10:13:00,4625,Guest,10.1.1.5
2025-07-13T10:14:00,4625,Guest,192.168.100.11